key,code,instantiation_moment,provider_name,customer_name,goals,budget,key:project,key:client
contract-01,ABC-1234,1999/08/21 17:00,Provider1,Customer1,Project goals description,EUR 5000.0,project-01,client-01
contract-02,BBC-5678,1999/08/21 17:00,Provider1,Customer1,Project goals description,EUR 5000.0,project-01,client-01
contract-03,CBC-9876,1999/08/21 17:00,Provider1,Customer1,Project goals description,EUR 5000.0,project-01,client-01
contract-04,DBC-1280,1996/02/29 17:00,Provider1,Customer1,Project goals description,EUR 5000.0,project-01,client-01
contract-05,QWW-1243,1999/08/21 17:00,provider con nombre muy largo----------------------,Customer1,Project goals description,EUR 5000.0,project-01,client-01
contract-06,ABM-1280,1999/08/21 17:00,公司名稱,Customer1,Project goals description,EUR 5000.0,project-01,client-01
contract-07,ABN-1280,1999/08/21 17:00,Όνομα εταιρείας,Customer1,Project goals description,EUR 5000.0,project-01,client-01
contract-08,ABL-1280,1999/08/21 17:00,x,Customer1,Project goals description,EUR 5000.0,project-01,client-01
contract-09,ABT-1234,1999/08/21 17:00,"<script>alert(""hi!"")</script>",Customer1,Project goals description,EUR 5000.0,project-01,client-01
contract-10,ABI-1234,1999/08/21 17:00,<h1>Hola Mundo!</h1>,Customer1,Project goals description,EUR 5000.0,project-01,client-01
contract-11,ABK-1234,1999/08/21 17:00,Provider1,consumer con nombre muy largo---------------------­,Project goals description,EUR 5000.0,project-01,client-01
contract-12,ATC-1234,1999/08/21 17:00,Provider1,公司名稱,Project goals description,EUR 5000.0,project-01,client-01
contract-13,AEC-1234,1999/08/21 17:00,Provider1,Όνομα εταιρείας,Project goals description,EUR 5000.0,project-01,client-01
contract-14,AWC-1234,1999/08/21 17:00,Provider1,x,Project goals description,EUR 5000.0,project-01,client-01
contract-15,AQC-1234,1999/08/21 17:00,Provider1,"<script>alert(""hi!"")</script>",Project goals description,EUR 5000.0,project-01,client-01
contract-16,AAC-1234,1999/08/21 17:00,Provider1,<h1>Hola Mundo!</h1>,Project goals description,EUR 5000.0,project-01,client-01
contract-17,AZC-1234,1999/08/21 17:00,Provider1,Customer1,projectg con nombre muy largo---------------------­---------------------­,EUR 5000.0,project-01,client-01
contract-18,AUC-1234,1999/08/21 17:00,Provider1,Customer1,公司名稱,EUR 5000.0,project-01,client-01
contract-19,ACU-1234,1999/08/21 17:00,Provider1,Customer1,Όνομα εταιρείας,EUR 5000.0,project-01,client-01
contract-20,ALC-1234,1999/08/21 17:00,Provider1,Customer1,x,EUR 5000.0,project-01,client-01
contract-21,AKC-1234,1999/08/21 17:00,Provider1,Customer1,"<script>alert(""hi!"")</script>",EUR 5000.0,project-01,client-01
contract-22,AJC-1234,1999/08/21 17:00,Provider1,Customer1,<h1>Hola Mundo!</h1>,EUR 5000.0,project-01,client-01
contract-23,AHC-1234,1999/08/21 17:00,Provider1,Customer1,Project goals description,EUR 0.0,project-01,client-01
contract-24,ANC-1234,1999/08/21 17:00,Provider1,Customer1,Project goals description,EUR 5000.12,project-01,client-01
contract-25,NBC-1234,1999/08/21 17:00,Provider1,Customer1,Project goals description,EUR 5000.0,project-01,client-01
