key,code,registrationTime,dueDate,quantity,tax,link,key:sponsorship
invoice-01,IN-1234-5578,2022/02/28 23:59,2022/09/28 23:59,EUR 125.5,0.5,https://github.com/,sponsorship-19
invoice-02,IN-0000-0000,2022/02/28 23:59,2022/09/28 23:59,EUR 125.5,0.5,https://github.com/,sponsorship-19
invoice-03,IN-9999-9999,2022/02/28 23:59,2022/09/28 23:59,EUR 125.5,0.5,https://github.com/,sponsorship-19
invoice-04,IN-9876-5432,2000/01/01 00:00,2022/09/28 23:59,EUR 125.5,0.5,https://github.com/,sponsorship-19
invoice-05,IN-2468-1357,2000/01/01 00:01,2022/09/28 23:59,EUR 125.5,0.5,https://github.com/,sponsorship-19
invoice-06,IN-6543-2109,2022/07/29 23:59,2022/09/28 23:59,EUR 125.5,0.5,https://github.com/,sponsorship-19
invoice-07,IN-9999-0000,2022/02/28 23:59,2022/03/29 00:01,EUR 125.5,0.5,https://github.com/,sponsorship-19
invoice-08,IN-0000-9999,2022/02/28 23:59,2022/03/29 00:00,EUR 125.5,0.5,https://github.com/,sponsorship-19
invoice-09,IN-3333-4444,2022/02/28 23:59,2099/12/31 23:59,EUR 125.5,0.5,https://github.com/,sponsorship-19
invoice-10,IN-1234-5678,2022/02/28 23:59,2022/03/28 23:59,EUR 125.5,0.5,https://github.com/,sponsorship-19
invoice-11,IN-4444-3333,2022/02/28 23:59,2022/09/28 23:59,EUR 0.01,0.5,https://github.com/,sponsorship-19
invoice-12,IN-2222-1111,2022/02/28 23:59,2022/09/28 23:59,EUR 1.00,0.5,https://github.com/,sponsorship-19
invoice-13,IN-2221-1112,2022/02/28 23:59,2022/09/28 23:59,EUR 10000000.01,0.5,https://github.com/,sponsorship-19
invoice-14,IN-2211-1122,2022/02/28 23:59,2022/09/28 23:59,USD 0.01,0.5,https://github.com/,sponsorship-19
invoice-15,IN-2111-1222,2022/02/28 23:59,2022/09/28 23:59,USD 1.00,0.5,https://github.com/,sponsorship-19
invoice-16,IN-1111-1111,2022/02/28 23:59,2022/09/28 23:59,USD 10000000.01,0.5,https://github.com/,sponsorship-19
invoice-17,IN-2222-2222,2022/02/28 23:59,2022/09/28 23:59,EUR 125.5,0.0,https://github.com/,sponsorship-19
invoice-18,IN-1234-5679,2022/02/28 23:59,2022/09/28 23:59,EUR 125.5,0.01,https://github.com/,sponsorship-19
invoice-19,IN-1234-5659,2022/02/28 23:59,2022/09/28 23:59,EUR 125.5,1,https://github.com/,sponsorship-19
invoice-20,IN-1234-5699,2022/02/28 23:59,2022/09/28 23:59,EUR 125.5,0.99,https://github.com/,sponsorship-19
invoice-21,IN-8889-8889,2022/02/28 23:59,2022/09/28 23:59,EUR 125.5,0.5,,sponsorship-19
invoice-22,IN-8887-8887,2022/02/28 23:59,2022/09/28 23:59,EUR 125.5,0.5,http://a.b,sponsorship-19
invoice-23,IN-8887-8888,2022/02/28 23:59,2022/09/28 23:59,EUR 125.5,0.5,http://example123456789012345678901234567890123456789012345678901234567890123456789012345678901234567890123.com,sponsorship-19
invoice-24,IN-1234-5622,2022/02/28 23:59,2022/09/28 23:59,EUR 125.5,0.5,http://example.com/123456789012345678901234567890123456789012345678901234567890123456789012345678901234567890,sponsorship-19
invoice-25,IN-1234-5623,2022/02/28 23:59,2022/09/28 23:59,EUR 125.5,0.5,ftp://example.com,sponsorship-19
invoice-26,IN-1234-5624,2022/02/28 23:59,2022/09/28 23:59,EUR 125.5,0.5,file:///path/to/file.txt,sponsorship-19
invoice-27,IN-1834-5578,2022/02/28 23:59,2022/09/28 23:59,EUR 125.5,0.5,https://github.com/,sponsorship-01
invoice-28,IN-9234-5578,2022/02/28 23:59,2022/09/28 23:59,EUR 125.5,0.5,https://github.com/,sponsorship-02
invoice-29,IN-3234-5578,2022/02/28 23:59,2022/09/28 23:59,EUR 125.5,0.5,https://github.com/,sponsorship-02
invoice-30,IN-4234-5578,2022/02/28 23:59,2022/09/28 23:59,EUR 125.5,0.5,https://github.com/,sponsorship-03
invoice-31,IN-5234-5578,2022/02/28 23:59,2022/09/28 23:59,EUR 125.5,0.5,https://github.com/,sponsorship-03
invoice-32,IN-6234-5578,2022/02/28 23:59,2022/09/28 23:59,EUR 125.5,0.5,https://github.com/,sponsorship-03