key,instantiationMoment,title,author,message,email,link
notice-01,2022/02/28 23:59,title,<sponsor1>-<Doe Jane>,message,alvarochicocastellano@gmail.com,https://github.com/
notice-02,2000/01/01 00:00,title,<sponsor1>-<Doe Jane>,message,alvarochicocastellano@gmail.com,https://github.com/
notice-03,2000/01/01 00:01,title,<sponsor1>-<Doe Jane>,message,alvarochicocastellano@gmail.com,https://github.com/
notice-04,2022/07/29 23:59,title,<sponsor1>-<Doe Jane>,message,alvarochicocastellano@gmail.com,https://github.com/
notice-05,2022/02/28 23:59,<h3>Soy Alvaro :)</h3>,<sponsor1>-<Doe Jane>,message,alvarochicocastellano@gmail.com,https://github.com/
notice-06,2022/02/28 23:59,t,<sponsor1>-<Doe Jane>,message,alvarochicocastellano@gmail.com,https://github.com/
notice-07,2022/02/28 23:59,ti,<sponsor1>-<Doe Jane>,message,alvarochicocastellano@gmail.com,https://github.com/
notice-08,2022/02/28 23:59,Este es un title con 75 caracteres - - - - - - - - - - - - - - - - - - - --,<sponsor1>-<Doe Jane>,message,alvarochicocastellano@gmail.com,https://github.com/
notice-09,2022/02/28 23:59,Este es un title con 74 caracteres - - - - - - - - - - - - - - - - - - ---,<sponsor1>-<Doe Jane>,message,alvarochicocastellano@gmail.com,https://github.com/
notice-10,2022/02/28 23:59,Este es un title con 37 caracteres- -,<sponsor-01>-<Doe Jane>,message,alvarochicocastellano@gmail.com,https://github.com/
notice-11,2022/02/28 23:59,你好,<sponsor1>-<Doe Jane>,message,alvarochicocastellano@gmail.com,https://github.com/
notice-12,2022/02/28 23:59,title,<prueba1>-<s s>,message,alvarochicocastellano@gmail.com,https://github.com/
notice-13,2022/02/28 23:59,title,<sponsor2>-<Doe Jane>,message,alvarochicocastellano@gmail.com,https://github.com/
notice-14,2022/02/28 23:59,title,<sponsor1>-<Doe Jane>,<h3>Soy Alvaro :)</h3>,alvarochicocastellano@gmail.com,https://github.com/
notice-15,2022/02/28 23:59,title,<sponsor1>-<Doe Jane>,m,alvarochicocastellano@gmail.com,https://github.com/
notice-16,2022/02/28 23:59,title,<sponsor1>-<Doe Jane>,me,alvarochicocastellano@gmail.com,https://github.com/
notice-17,2022/02/28 23:59,title,<sponsor1>-<Doe Jane>,你好,alvarochicocastellano@gmail.com,https://github.com/
notice-18,2022/02/28 23:59,title,<sponsor1>-<Doe Jane>,Este es un message con 100 caracteres - - - - - - - - - - - - - - - - - - - - - - - - - - - - - - --,alvarochicocastellano@gmail.com,https://github.com/
notice-19,2022/02/28 23:59,title,<sponsor1>-<Doe Jane>,Este es un message con 99 caracteres - - - - - - - - - - - - - - - - - - - - - - - - - - - - - - --,alvarochicocastellano@gmail.com,https://github.com/
notice-20,2022/02/28 23:59,title,<sponsor1>-<Doe Jane>,Este es un message con 50 caracteres - - - - - - -,alvarochicocastellano@gmail.com,https://github.com/
notice-21,2022/02/28 23:59,title,<sponsor1>-<Doe Jane>,message,a@b.c,https://github.com/
notice-22,2022/02/28 23:59,title,<sponsor1>-<Doe Jane>,message,us!er@example.com,https://github.com/
notice-23,2022/02/28 23:59,title,<sponsor1>-<Doe Jane>,message,user@ex!ample.com,https://github.com/
notice-24,2022/02/28 23:59,title,<sponsor1>-<Doe Jane>,message,,https://github.com/
notice-25,2022/02/28 23:59,title,<sponsor1>-<Doe Jane>,message,你好@gmail.com,https://github.com/
notice-26,2022/02/28 23:59,title,<sponsor1>-<Doe Jane>,message,alvarochicocastellano@gmail.com,http://a.b
notice-27,2022/02/28 23:59,title,<sponsor1>-<Doe Jane>,message,alvarochicocastellano@gmail.com,http://example123456789012345678901234567890123456789012345678901234567890123456789012345678901234567890123.com
notice-28,2022/02/28 23:59,title,<sponsor1>-<Doe Jane>,message,alvarochicocastellano@gmail.com,http://example.com/123456789012345678901234567890123456789012345678901234567890123456789012345678901234567890
notice-29,2022/02/28 23:59,title,<sponsor1>-<Doe Jane>,message,alvarochicocastellano@gmail.com,ftp://example.com
notice-30,2022/02/28 23:59,title,<sponsor1>-<Doe Jane>,message,alvarochicocastellano@gmail.com,file:///path/to/file.txt
notice-31,2022/02/28 23:59,title,<sponsor1>-<Doe Jane>,message,alvarochicocastellano@gmail.com,