key,record_id,completeness,comment,registration_moment,responsible_person,key:contract
progress_log-01,PG-AX-0001,81,esto es un comentario,1999/08/21 17:00,persona1,contract-01
progress_log-02,PG-AX-1234,1,esto es un comentario,1999/08/21 17:00,persona1,contract-01
progress_log-03,PG-AX-1235,81,Esto es un comentario con 100 caracteres-----------------------------------------------------------,1999/08/21 17:00,persona1,contract-01
progress_log-04,PG-AX-1236,81,x,1999/08/21 17:00,persona1,contract-01
progress_log-05,PG-AX-1231,81,公司名稱,1999/08/21 17:00,persona1,contract-01
progress_log-06,PG-AX-1534,81,Όνομα εταιρείας,1999/08/21 17:00,persona1,contract-01
progress_log-07,PG-AX-8934,81,"<script>alert(""hi!"")</script>",1999/08/21 17:00,persona1,contract-01
progress_log-08,PG-AX-8932,81,<h1>Hola Mundo!</h1>,1999/08/21 17:00,persona1,contract-01
progress_log-09,PG-AX-1633,81,esto es un comentario,1999/08/21 17:00,persona1,contract-01
progress_log-10,PG-AX-1254,81,esto es un comentario,1996/02/29 17:00,persona1,contract-01
progress_log-11,PG-AX-1224,81,esto es un comentario,1999/08/21 17:00,personaconnombremuylargo------------,contract-01
progress_log-12,PG-AX-1111,81,esto es un comentario,1999/08/21 17:00,p,contract-01
